{
  "swagger" : "2.0",
  "info" : {
    "version" : "1.0",
    "title" : "Summary about the new REST service.",
    "description" : "Summary about the new REST service."
  },
  "host" : "localhost:8070",
  "basePath" : "/",
  "schemes" : [ "http" ],
  "paths" : {
    "/acctnumber" : {
      "get" : {
        "description" : "",
        "operationId" : "get-acctnumberacctNo",
        "consumes" : [ "application/json" ],
        "produces" : [ "application/json" ],
        "parameters" : [ {
          "name" : "acctNo",
          "in" : "query",
          "description" : "",
          "type" : "string",
          "required" : false
        } ],
        "responses" : {
          "200" : {
            "description" : "a accountFull to be returned",
            "schema" : {
              "$ref" : "#/definitions/accountFull"
            }
          }
        }
      }
    }
  },
  "definitions" : {
    "accountFull" : {
      "type" : "object",
      "required" : [ "account_id", "customer_id" ],
      "properties" : {
        "account_id" : {
          "type" : "string"
        },
        "customer_id" : {
          "type" : "string"
        },
        "account_no" : {
          "type" : "string"
        },
        "account_class" : {
          "type" : "string"
        },
        "account_currency" : {
          "type" : "string"
        },
        "account_balance" : {
          "type" : "string"
        },
        "account_status" : {
          "type" : "string"
        },
        "account_branch" : {
          "type" : "string"
        }
      }
    }
  }
}