{
  "swagger" : "2.0",
  "info" : {
    "version" : "1.0",
    "title" : "Summary about the new REST service.",
    "description" : "Summary about the new REST service."
  },
  "host" : "localhost:6090",
  "basePath" : "/",
  "schemes" : [ "http" ],
  "paths" : {
    "/customer" : {
      "post" : {
        "description" : "",
        "operationId" : "post-customer",
        "consumes" : [ "application/json" ],
        "produces" : [ "application/json" ],
        "parameters" : [ {
          "name" : "body",
          "in" : "body",
          "description" : "",
          "schema" : {
            "$ref" : "#/definitions/customerFull"
          },
          "required" : true
        } ],
        "responses" : {
          "200" : {
            "description" : "a customerFull to be returned",
            "schema" : {
              "$ref" : "#/definitions/customerFull"
            }
          }
        }
      },
      "get" : {
        "description" : "",
        "operationId" : "get-customer",
        "consumes" : [ "application/json" ],
        "produces" : [ "application/json" ],
        "parameters" : [ {
          "name" : "id",
          "in" : "query",
          "description" : "",
          "type" : "integer",
          "format" : "int32",
          "required" : true
        } ],
        "responses" : {
          "200" : {
            "description" : "a customerFull to be returned",
            "schema" : {
              "$ref" : "#/definitions/customerFull"
            }
          }
        }
      },
      "put" : {
        "description" : "",
        "operationId" : "put-customer",
        "consumes" : [ "application/json" ],
        "produces" : [ "application/json" ],
        "parameters" : [ {
          "name" : "body",
          "in" : "body",
          "description" : "",
          "schema" : {
            "$ref" : "#/definitions/customerFull"
          },
          "required" : true
        } ],
        "responses" : {
          "200" : {
            "description" : "a string to be returned",
            "schema" : {
              "type" : "string"
            }
          }
        }
      },
      "delete" : {
        "description" : "",
        "operationId" : "delete-customer",
        "consumes" : [ "application/json" ],
        "produces" : [ "application/json" ],
        "parameters" : [ {
          "name" : "id",
          "in" : "query",
          "description" : "",
          "type" : "integer",
          "format" : "int32",
          "required" : true
        } ],
        "responses" : {
          "200" : {
            "description" : "a string to be returned",
            "schema" : {
              "type" : "string"
            }
          }
        }
      },
      "patch" : {
        "description" : "",
        "operationId" : "patch-customer",
        "consumes" : [ "application/json" ],
        "produces" : [ "application/json" ],
        "parameters" : [ {
          "name" : "body",
          "in" : "body",
          "description" : "",
          "schema" : {
            "$ref" : "#/definitions/customerPatch"
          },
          "required" : true
        }, {
          "name" : "id",
          "in" : "query",
          "description" : "",
          "type" : "integer",
          "format" : "int32",
          "required" : true
        } ],
        "responses" : {
          "200" : {
            "description" : "a customerPatch to be returned",
            "schema" : {
              "$ref" : "#/definitions/customerPatch"
            }
          }
        }
      }
    }
  },
  "definitions" : {
    "customerPatch" : {
      "type" : "object",
      "properties" : {
        "customer_no" : {
          "type" : "string"
        },
        "customer_name" : {
          "type" : "string"
        },
        "customer_status" : {
          "type" : "string"
        }
      }
    },
    "customerFull" : {
      "type" : "object",
      "required" : [ "customer_id" ],
      "properties" : {
        "customer_id" : {
          "type" : "string"
        },
        "customer_no" : {
          "type" : "string"
        },
        "customer_type" : {
          "type" : "string"
        },
        "customer_name" : {
          "type" : "string"
        },
        "customer_status" : {
          "type" : "string"
        },
        "customer_branch" : {
          "type" : "string"
        }
      }
    }
  }
}