{
  "swagger" : "2.0",
  "info" : {
    "version" : "1.0",
    "title" : "Summary about the new REST service.",
    "description" : "Summary about the new REST service."
  },
  "host" : "localhost:8040",
  "basePath" : "/",
  "schemes" : [ "http" ],
  "paths" : {
    "/customerfullinfo" : {
      "get" : {
        "description" : "",
        "operationId" : "get-customerfullinfo",
        "consumes" : [ "application/json" ],
        "produces" : [ "application/json" ],
        "parameters" : [ {
          "name" : "cust_id",
          "in" : "query",
          "description" : "",
          "type" : "integer",
          "format" : "int32",
          "required" : true
        } ],
        "responses" : {
          "200" : {
            "description" : "a customerFullInfo to be returned",
            "schema" : {
              "$ref" : "#/definitions/customerFullInfo"
            }
          }
        }
      }
    }
  },
  "definitions" : {
    "accountFullInfo" : {
      "type" : "object",
      "required" : [ "account_id", "customer_id", "listTransaction" ],
      "properties" : {
        "account_id" : {
          "type" : "string"
        },
        "customer_id" : {
          "type" : "string"
        },
        "account_no" : {
          "type" : "string"
        },
        "account_class" : {
          "type" : "string"
        },
        "account_currency" : {
          "type" : "string"
        },
        "account_balance" : {
          "type" : "string"
        },
        "account_status" : {
          "type" : "string"
        },
        "account_branch" : {
          "type" : "string"
        },
        "listTransaction" : {
          "type" : "array",
          "items" : {
            "$ref" : "#/definitions/listTransaction",
            "uniqueItems" : false
          }
        }
      }
    },
    "accountTransaction" : {
      "type" : "object",
      "required" : [ "transactionFull", "merchantFull" ],
      "properties" : {
        "merchantFull" : {
          "$ref" : "#/definitions/merchantFull"
        },
        "transactionFull" : {
          "$ref" : "#/definitions/transactionFull"
        }
      }
    },
    "transactionFull" : {
      "type" : "object",
      "required" : [ "trx_no" ],
      "properties" : {
        "trx_no" : {
          "type" : "integer"
        },
        "trx_date" : {
          "type" : "string"
        },
        "merchant_id" : {
          "type" : "integer"
        },
        "acct_no" : {
          "type" : "string"
        },
        "topup_no" : {
          "type" : "string"
        },
        "topup_amount" : {
          "type" : "string"
        },
        "status" : {
          "type" : "string"
        }
      }
    },
    "customerFullInfo" : {
      "type" : "object",
      "required" : [ "customerFull" ],
      "properties" : {
        "customerFull" : {
          "$ref" : "#/definitions/customerFull"
        },
        "accountFullInfo" : {
          "type" : "array",
          "items" : {
            "$ref" : "#/definitions/accountFullInfo",
            "uniqueItems" : false
          }
        }
      }
    },
    "listTransaction" : {
      "type" : "object",
      "properties" : {
        "accountTransaction" : {
          "type" : "array",
          "items" : {
            "$ref" : "#/definitions/accountTransaction",
            "uniqueItems" : false
          }
        }
      }
    },
    "customerFull" : {
      "type" : "object",
      "required" : [ "customer_id" ],
      "properties" : {
        "customer_id" : {
          "type" : "string"
        },
        "customer_no" : {
          "type" : "string"
        },
        "customer_type" : {
          "type" : "string"
        },
        "customer_name" : {
          "type" : "string"
        },
        "customer_status" : {
          "type" : "string"
        },
        "customer_branch" : {
          "type" : "string"
        }
      }
    },
    "merchantFull" : {
      "type" : "object",
      "required" : [ "merchant_id" ],
      "properties" : {
        "merchant_id" : {
          "type" : "string"
        },
        "merchant_no" : {
          "type" : "string"
        },
        "merchant_name" : {
          "type" : "string"
        },
        "status" : {
          "type" : "string"
        }
      }
    }
  }
}