{
  "swagger" : "2.0",
  "info" : {
    "version" : "1.0",
    "title" : "Summary about the new REST service.",
    "description" : "Summary about the new REST service."
  },
  "host" : "localhost:9669",
  "basePath" : "/",
  "schemes" : [ "http" ],
  "paths" : {
    "/historytrx" : {
      "get" : {
        "description" : "",
        "operationId" : "get-historytrx",
        "consumes" : [ "application/json" ],
        "produces" : [ "application/json" ],
        "parameters" : [ {
          "name" : "merchant_id",
          "in" : "query",
          "description" : "",
          "type" : "integer",
          "format" : "int32",
          "required" : true
        } ],
        "responses" : {
          "200" : {
            "description" : "a historyTransaction to be returned",
            "schema" : {
              "$ref" : "#/definitions/historyTransaction"
            }
          }
        }
      }
    }
  },
  "definitions" : {
    "merchantTrx" : {
      "type" : "object",
      "properties" : {
        "transactionFull" : {
          "type" : "array",
          "items" : {
            "$ref" : "#/definitions/transactionFull",
            "uniqueItems" : false
          }
        }
      }
    },
    "transactionFull" : {
      "type" : "object",
      "required" : [ "trx_no" ],
      "properties" : {
        "trx_no" : {
          "type" : "integer"
        },
        "trx_date" : {
          "type" : "string"
        },
        "merchant_id" : {
          "type" : "integer"
        },
        "acct_no" : {
          "type" : "string"
        },
        "topup_no" : {
          "type" : "string"
        },
        "topup_amount" : {
          "type" : "string"
        },
        "status" : {
          "type" : "string"
        }
      }
    },
    "historyTransaction" : {
      "type" : "object",
      "required" : [ "merchantTrx", "merchantFull" ],
      "properties" : {
        "merchantFull" : {
          "$ref" : "#/definitions/merchantFull"
        },
        "merchantTrx" : {
          "$ref" : "#/definitions/merchantTrx"
        }
      }
    },
    "merchantFull" : {
      "type" : "object",
      "required" : [ "merchant_id" ],
      "properties" : {
        "merchant_id" : {
          "type" : "string"
        },
        "merchant_no" : {
          "type" : "string"
        },
        "merchant_name" : {
          "type" : "string"
        },
        "status" : {
          "type" : "string"
        }
      }
    }
  }
}