{
  "swagger" : "2.0",
  "info" : {
    "version" : "1.0",
    "title" : "Summary about the new REST service.",
    "description" : "Summary about the new REST service."
  },
  "host" : "localhost:8080",
  "basePath" : "/",
  "schemes" : [ "http" ],
  "paths" : {
    "/trxaccount" : {
      "post" : {
        "description" : "",
        "operationId" : "post-trxaccount",
        "consumes" : [ "application/json" ],
        "produces" : [ "application/json" ],
        "parameters" : [ {
          "name" : "body",
          "in" : "body",
          "description" : "",
          "schema" : {
            "$ref" : "#/definitions/transactionFull"
          },
          "required" : true
        } ],
        "responses" : {
          "200" : {
            "description" : "a accountFull to be returned",
            "schema" : {
              "$ref" : "#/definitions/accountFull"
            }
          }
        }
      }
    }
  },
  "definitions" : {
    "accountFull" : {
      "type" : "object",
      "required" : [ "account_id", "customer_id" ],
      "properties" : {
        "account_id" : {
          "type" : "string"
        },
        "customer_id" : {
          "type" : "string"
        },
        "account_no" : {
          "type" : "string"
        },
        "account_class" : {
          "type" : "string"
        },
        "account_currency" : {
          "type" : "string"
        },
        "account_balance" : {
          "type" : "string"
        },
        "account_status" : {
          "type" : "string"
        },
        "account_branch" : {
          "type" : "string"
        }
      }
    },
    "transactionFull" : {
      "type" : "object",
      "required" : [ "trx_no" ],
      "properties" : {
        "trx_no" : {
          "type" : "integer"
        },
        "trx_date" : {
          "type" : "string"
        },
        "merchant_id" : {
          "type" : "integer"
        },
        "acct_no" : {
          "type" : "string"
        },
        "topup_no" : {
          "type" : "string"
        },
        "topup_amount" : {
          "type" : "string"
        },
        "status" : {
          "type" : "string"
        }
      }
    }
  }
}