{
  "swagger" : "2.0",
  "info" : {
    "version" : "1.0",
    "title" : "Summary about the new REST service.",
    "description" : "Summary about the new REST service."
  },
  "host" : "localhost:8060",
  "basePath" : "/",
  "schemes" : [ "http" ],
  "paths" : {
    "/merchant" : {
      "post" : {
        "description" : "",
        "operationId" : "post-merchant",
        "consumes" : [ "application/json" ],
        "produces" : [ "application/json" ],
        "parameters" : [ {
          "name" : "body",
          "in" : "body",
          "description" : "",
          "schema" : {
            "$ref" : "#/definitions/merchantFull"
          },
          "required" : true
        } ],
        "responses" : {
          "200" : {
            "description" : "a merchantFull to be returned",
            "schema" : {
              "$ref" : "#/definitions/merchantFull"
            }
          }
        }
      },
      "get" : {
        "description" : "",
        "operationId" : "get-merchant",
        "consumes" : [ "application/json" ],
        "produces" : [ "application/json" ],
        "parameters" : [ {
          "name" : "id",
          "in" : "query",
          "description" : "",
          "type" : "integer",
          "format" : "int32",
          "required" : true
        } ],
        "responses" : {
          "200" : {
            "description" : "a merchantFull to be returned",
            "schema" : {
              "$ref" : "#/definitions/merchantFull"
            }
          }
        }
      },
      "put" : {
        "description" : "",
        "operationId" : "put-merchant",
        "consumes" : [ "application/json" ],
        "produces" : [ "application/json" ],
        "parameters" : [ {
          "name" : "body",
          "in" : "body",
          "description" : "",
          "schema" : {
            "$ref" : "#/definitions/merchantFull"
          },
          "required" : true
        } ],
        "responses" : {
          "200" : {
            "description" : "a string to be returned",
            "schema" : {
              "type" : "string"
            }
          }
        }
      },
      "delete" : {
        "description" : "",
        "operationId" : "delete-merchant",
        "consumes" : [ "application/json" ],
        "produces" : [ "application/json" ],
        "parameters" : [ {
          "name" : "id",
          "in" : "query",
          "description" : "",
          "type" : "integer",
          "format" : "int32",
          "required" : true
        } ],
        "responses" : {
          "200" : {
            "description" : "a string to be returned",
            "schema" : {
              "type" : "string"
            }
          }
        }
      }
    }
  },
  "definitions" : {
    "merchantFull" : {
      "type" : "object",
      "required" : [ "merchant_id" ],
      "properties" : {
        "merchant_id" : {
          "type" : "string"
        },
        "merchant_no" : {
          "type" : "string"
        },
        "merchant_name" : {
          "type" : "string"
        },
        "status" : {
          "type" : "string"
        }
      }
    }
  }
}