{
  "swagger" : "2.0",
  "info" : {
    "version" : "1.0",
    "title" : "Summary about the new REST service.",
    "description" : "Summary about the new REST service."
  },
  "host" : "localhost:7050",
  "basePath" : "/",
  "schemes" : [ "http" ],
  "paths" : {
    "/branch" : {
      "post" : {
        "description" : "",
        "operationId" : "post-branch",
        "consumes" : [ "application/json" ],
        "produces" : [ "application/json" ],
        "parameters" : [ {
          "name" : "body",
          "in" : "body",
          "description" : "",
          "schema" : {
            "$ref" : "#/definitions/BranchData"
          },
          "required" : true
        } ],
        "responses" : {
          "200" : {
            "description" : "a BranchData to be returned",
            "schema" : {
              "$ref" : "#/definitions/BranchData"
            }
          }
        }
      },
      "get" : {
        "description" : "",
        "operationId" : "get-branch",
        "consumes" : [ "application/json" ],
        "produces" : [ "application/json" ],
        "parameters" : [ {
          "name" : "branchId",
          "in" : "query",
          "description" : "",
          "type" : "integer",
          "format" : "int32",
          "required" : true
        } ],
        "responses" : {
          "200" : {
            "description" : "a BranchData to be returned",
            "schema" : {
              "$ref" : "#/definitions/BranchData"
            }
          }
        }
      },
      "put" : {
        "description" : "",
        "operationId" : "put-branch",
        "consumes" : [ "application/json" ],
        "produces" : [ "application/json" ],
        "parameters" : [ {
          "name" : "body",
          "in" : "body",
          "description" : "",
          "schema" : {
            "$ref" : "#/definitions/BranchUpdate"
          },
          "required" : true
        } ],
        "responses" : {
          "200" : {
            "description" : "a string to be returned",
            "schema" : {
              "type" : "string"
            }
          }
        }
      }
    }
  },
  "definitions" : {
    "BranchUpdate" : {
      "type" : "object",
      "required" : [ "branchId" ],
      "properties" : {
        "branchId" : {
          "type" : "integer"
        },
        "branchName" : {
          "type" : "string"
        }
      }
    },
    "BranchData" : {
      "type" : "object",
      "required" : [ "branchId" ],
      "properties" : {
        "branchId" : {
          "type" : "integer"
        },
        "branchName" : {
          "type" : "string"
        },
        "branchAddress" : {
          "type" : "string"
        },
        "branchStatus" : {
          "type" : "string"
        },
        "branchLat" : {
          "type" : "string"
        },
        "branchLong" : {
          "type" : "string"
        }
      }
    }
  }
}