{"records": [
    {
        "jsonSchemaLocation": "/BI_Account/Service Descriptors/bi_account.account-account.json",
        "conversionType": "linked",
        "xsdSchemaTargetNamespace": "http://demo.tibco.com/Account"
    },
    {
        "jsonSchemaLocation": "/BI_Account/Service Descriptors/bi_account.listaccount-listaccount.json",
        "conversionType": "linked",
        "xsdSchemaTargetNamespace": "http://demo.tibco.com/Account"
    },
    {
        "jsonSchemaLocation": "/BI_Account/Service Descriptors/bi_account.acctNumber-acctNumber.json",
        "conversionType": "linked",
        "xsdSchemaTargetNamespace": "http://demo.tibco.com/Account"
    },
    {
        "jsonSchemaLocation": "/BI_Account/Service Descriptors/bi_account.acctNumber-acctNumber.json",
        "conversionType": "linked",
        "xsdSchemaTargetNamespace": "http://xmlns.example.com/acctNumber/parameters"
    }
]}